{
    "loss": 25.824447631835938,
    "accuracy": 0.5686274766921997
}