{
    "loss": 19.786725997924805,
    "accuracy": 0.4313725531101227
}